Order_ID,Order_Date,Source,Destination,Distance_KM,Delivery_Time_Hours,Expected_Time_Hours,Vehicle_Type,Transport_Cost_INR,Order_Quantity,Delivery_Status,Customer_Type
1001,2026-08-01,Mumbai,Thane,28,1.2,1.5,Van,420,12,On Time,Retail
1002,2026-08-01,Mumbai,Navi Mumbai,32,1.5,1.7,Van,450,15,On Time,Business
1003,2026-08-01,Mumbai,Pune,150,4.1,3.8,Truck,1850,35,Late,Business
1004,2026-08-02,Mumbai,Panvel,45,1.8,2.0,Van,600,18,On Time,Individual
1005,2026-08-02,Pune,Lonavala,65,2.0,2.2,Van,720,20,On Time,Retail
1006,2026-08-02,Pune,Satara,115,3.4,3.0,Truck,1450,32,Late,Business
1007,2026-08-03,Mumbai,Alibag,95,3.0,3.2,Van,1100,25,On Time,Retail
1008,2026-08-03,Pune,Nashik,210,5.8,5.0,Truck,2400,45,Late,Business
1009,2026-08-03,Nashik,Dhule,160,4.4,4.5,Truck,1900,38,On Time,Business
1010,2026-08-04,Mumbai,Vasai,55,2.1,2.3,Van,700,16,On Time,Individual
1011,2026-08-04,Pune,Kolhapur,230,5.7,5.5,Truck,2700,48,On Time,Business
1012,2026-08-04,Mumbai,Karjat,85,2.9,2.6,Van,950,22,Late,Retail
1013,2026-08-05,Pune,Baramati,105,3.1,3.4,Van,1250,24,On Time,Retail
1014,2026-08-05,Mumbai,Murbad,75,2.7,2.8,Van,850,19,On Time,Individual
1015,2026-08-05,Nashik,Aurangabad,180,4.8,4.6,Truck,2150,42,Late,Business
1016,2026-08-06,Pune,Ahmednagar,125,3.5,3.3,Truck,1550,30,On Time,Business
1017,2026-08-06,Mumbai,Kalyan,42,1.7,1.8,Van,560,14,On Time,Retail
1018,2026-08-06,Pune,Solapur,250,6.2,6.0,Truck,2900,50,On Time,Business
1019,2026-08-07,Nashik,Igatpuri,45,1.8,2.0,Van,620,15,On Time,Individual
1020,2026-08-07,Mumbai,Palghar,105,3.4,3.0,Van,1200,27,Late,Retail
1021,2026-08-07,Pune,Sangli,230,5.9,5.7,Truck,2750,46,On Time,Business
1022,2026-08-08,Mumbai,Bhiwandi,40,1.6,1.7,Van,520,13,On Time,Retail
1023,2026-08-08,Nashik,Sinnar,30,1.2,1.4,Van,400,11,On Time,Individual
1024,2026-08-08,Pune,Junnar,95,2.9,3.1,Van,1050,21,On Time,Retail
1025,2026-08-09,Mumbai,Dahanu,145,4.6,4.0,Truck,1750,34,Late,Business
1026,2026-08-09,Pune,Wai,90,2.7,2.9,Van,980,20,On Time,Individual
1027,2026-08-09,Nashik,Malegaon,105,3.0,3.2,Van,1180,25,On Time,Retail
1028,2026-08-10,Mumbai,Dombivli,38,1.5,1.6,Van,500,12,On Time,Individual
1029,2026-08-10,Pune,Phaltan,115,3.3,3.1,Van,1280,23,Late,Retail
1030,2026-08-10,Nashik,Jalgaon,230,6.0,5.7,Truck,2800,49,On Time,Business
