Shipment_ID,Region,Transport_Mode,Shipment_Volume,Distance_km,Delivery_Time_days,Transportation_Cost,On_Time_Delivery
S001,East,Air,274,910,4.6,4166.34,No
S002,West,Rail,434,963,6.1,3123.83,No
S003,North,Air,452,945,4.7,7568.06,No
S004,East,Air,175,927,4.5,3129.2,No
S005,East,Road,179,387,4.8,625.88,Yes
S006,West,Air,102,755,4.3,1307.07,No
S007,North,Road,221,871,7.3,889.03,No
S008,North,Road,267,212,4.8,330.11,Yes
S009,East,Road,209,769,6.6,805.79,Yes
S010,South,Road,247,730,6.5,1069.12,Yes
S011,East,Road,465,210,5.6,394.08,Yes
S012,East,Road,296,629,6.9,1101.77,Yes
S013,East,Rail,373,850,6.9,2493.34,No
S014,East,Road,488,447,6.1,1244.4,Yes
S015,West,Road,252,326,6.6,361.97,Yes
S016,North,Road,233,865,7.4,897.37,No
S017,West,Road,172,965,6.9,1174.12,Yes
S018,West,Rail,450,553,5.4,2182.54,Yes
S019,West,Road,304,945,5.9,1113.83,Yes
S020,East,Air,343,441,1.7,2642.31,Yes
S021,South,Rail,329,184,4.5,701.17,Yes
S022,North,Road,374,244,4.8,240.88,Yes
S023,South,Road,421,450,6.0,1085.97,Yes
S024,West,Rail,147,689,4.7,930.33,Yes
S025,West,Rail,247,82,2.6,100.0,Yes
S026,South,Rail,444,737,5.9,2616.24,Yes
S027,South,Rail,289,509,4.6,800.6,Yes
S028,South,Road,193,932,6.7,1218.06,Yes
S029,West,Road,146,519,5.0,323.23,Yes
S030,West,Road,250,424,5.4,674.69,Yes
S031,North,Air,173,71,3.1,331.59,Yes
S032,North,Road,236,799,6.5,1187.24,Yes
S033,West,Road,375,719,6.9,1270.13,Yes
S034,South,Road,398,87,4.2,209.82,Yes
S035,South,Road,308,279,7.4,530.3,No
S036,North,Road,197,414,7.1,564.85,No
S037,West,Rail,301,612,6.2,1681.48,No
S038,North,Road,492,487,6.8,1112.09,Yes
S039,North,Air,469,825,3.8,6845.09,No
S040,East,Road,452,332,6.2,995.14,Yes
S041,East,Road,395,76,6.1,100.0,Yes
S042,East,Rail,500,275,4.3,1382.61,Yes
S043,South,Rail,196,326,4.1,456.75,Yes
S044,West,Road,197,847,5.1,833.47,Yes
S045,West,Rail,401,658,4.8,1988.04,Yes
S046,West,Road,248,333,6.8,404.24,Yes
S047,West,Road,357,928,6.6,1885.28,Yes
S048,East,Road,466,530,6.0,1373.66,Yes
S049,South,Road,473,502,6.4,1275.91,Yes
S050,South,Road,177,878,5.2,793.03,Yes
S051,East,Road,88,865,7.1,120.39,No
S052,South,Road,387,708,7.5,1218.04,No
S053,East,Road,409,565,6.5,1093.65,Yes
S054,West,Road,178,596,7.3,612.82,No
S055,East,Air,316,241,1.4,1383.35,Yes
S056,West,Road,490,98,6.9,417.13,Yes
S057,West,Road,483,561,5.7,1440.07,Yes
S058,North,Rail,200,66,2.9,115.38,Yes
S059,East,Road,464,221,5.4,922.36,Yes
S060,North,Road,347,269,7.0,539.84,Yes
S061,East,Road,148,207,5.1,100.0,Yes
S062,East,Road,312,526,5.3,1155.35,Yes
S063,North,Air,301,95,1.1,730.78,Yes
S064,North,Rail,193,422,4.5,978.46,Yes
S065,East,Road,395,567,4.6,1099.86,Yes
S066,South,Air,161,148,1.0,604.64,Yes
S067,West,Rail,109,941,6.8,559.04,No
S068,North,Road,418,794,7.7,1800.58,No
S069,West,Air,51,86,1.6,100.0,Yes
S070,South,Road,434,329,5.4,470.02,Yes
S071,South,Rail,353,398,4.8,1309.82,Yes
S072,South,Air,303,546,4.9,2652.06,No
S073,North,Road,189,351,5.8,100.0,Yes
S074,South,Road,86,230,5.8,164.15,Yes
S075,North,Road,209,656,5.9,788.36,Yes
S076,South,Road,58,148,4.9,217.61,Yes
S077,West,Rail,282,749,5.9,1823.3,Yes
S078,West,Air,148,165,2.1,705.36,Yes
S079,East,Road,196,240,3.7,361.24,Yes
S080,West,Road,353,302,6.6,509.22,Yes
S081,East,Road,257,977,6.3,1242.19,Yes
S082,West,Road,180,210,6.9,138.2,Yes
S083,North,Road,453,305,6.3,744.01,Yes
S084,West,Road,201,372,5.6,176.34,Yes
S085,East,Air,103,177,2.4,389.52,Yes
S086,East,Road,169,67,4.8,100.0,Yes
S087,South,Road,210,842,6.1,933.71,Yes
S088,North,Rail,457,784,5.9,2916.47,Yes
S089,West,Road,165,615,6.7,100.0,Yes
S090,South,Air,124,619,2.5,1219.38,Yes
S091,West,Air,162,372,2.0,1065.2,Yes
S092,West,Road,469,921,6.7,2149.76,Yes
S093,South,Road,471,735,7.4,1777.62,No
S094,South,Road,153,841,7.6,697.79,No
S095,South,Road,389,675,6.7,1585.8,Yes
S096,South,Road,303,337,6.1,566.8,Yes
S097,South,Road,276,992,6.4,1312.62,Yes
S098,West,Road,161,903,7.2,439.07,No
S099,South,Road,148,712,6.6,280.53,Yes
S100,North,Road,202,688,5.6,791.27,Yes
